"sales_month","kind_of_business","pctg_yearly"
"1992-01-01","Men's clothing stores",6.8867275763827488
"1992-01-01","Women's clothing stores",5.8871601445858872
"1992-02-01","Men's clothing stores",6.4642892229099126
"1992-02-01","Women's clothing stores",6.2580543768662581
"1992-03-01","Men's clothing stores",7.1814520090382159
"1992-03-01","Women's clothing stores",7.5530410183875530
"1992-04-01","Men's clothing stores",8.0165045682287062
"1992-04-01","Women's clothing stores",8.3765519409083766
"1992-05-01","Men's clothing stores",8.4094704784359957
"1992-05-01","Women's clothing stores",8.6500078579286500
"1992-06-01","Men's clothing stores",8.3799980351704490
"1992-06-01","Women's clothing stores",7.6190476190476190
"1992-07-01","Men's clothing stores",7.0144414972001179
"1992-07-01","Women's clothing stores",7.4587458745874587
"1992-08-01","Men's clothing stores",7.6333628057765989
"1992-08-01","Women's clothing stores",8.3514065692283514
"1992-09-01","Men's clothing stores",7.4860005894488653
"1992-09-01","Women's clothing stores",8.0465189376080465
"1992-10-01","Men's clothing stores",8.2621082621082621
"1992-10-01","Women's clothing stores",8.6594373723086594
"1992-11-01","Men's clothing stores",8.9694469004813832
"1992-11-01","Women's clothing stores",9.2597831211692598
"1992-12-01","Men's clothing stores",15.2961980548187445
"1992-12-01","Women's clothing stores",13.8802451673738802
"1993-01-01","Men's clothing stores",6.9765107408150974
"1993-01-01","Women's clothing stores",6.5625965996908810
"1993-02-01","Men's clothing stores",6.2035735796024895
"1993-02-01","Women's clothing stores",6.1978361669242658
"1993-03-01","Men's clothing stores",7.0869303352740414
"1993-03-01","Women's clothing stores",7.5486862442040185
"1993-04-01","Men's clothing stores",7.9903633808472194
"1993-04-01","Women's clothing stores",8.5378670788253478
"1993-05-01","Men's clothing stores",8.1208592652077896
"1993-05-01","Women's clothing stores",8.8809891808346213
"1993-06-01","Men's clothing stores",7.9502108010439671
"1993-06-01","Women's clothing stores",7.8887171561051005
"1993-07-01","Men's clothing stores",7.2475406544870508
"1993-07-01","Women's clothing stores",7.8485316846986090
"1993-08-01","Men's clothing stores",7.3178076691427424
"1993-08-01","Women's clothing stores",8.1174652241112828
"1993-09-01","Men's clothing stores",7.5085324232081911
"1993-09-01","Women's clothing stores",8.1051004636785162
"1993-10-01","Men's clothing stores",8.3918891788797430
"1993-10-01","Women's clothing stores",8.3863987635239567
"1993-11-01","Men's clothing stores",9.1648263400923509
"1993-11-01","Women's clothing stores",9.0355486862442040
"1993-12-01","Men's clothing stores",16.0409556313993174
"1993-12-01","Women's clothing stores",12.8902627511591963
"1994-01-01","Men's clothing stores",6.8580542264752791
"1994-01-01","Women's clothing stores",5.8394637894392676
"1994-02-01","Men's clothing stores",6.2998405103668262
"1994-02-01","Women's clothing stores",6.4410658819682851
"1994-03-01","Men's clothing stores",7.5956937799043062
"1994-03-01","Women's clothing stores",8.3701160699689390
"1994-04-01","Men's clothing stores",7.7153110047846890
"1994-04-01","Women's clothing stores",8.3635769167892758
"1994-05-01","Men's clothing stores",7.8847687400318979
"1994-05-01","Women's clothing stores",8.3439594572502861
"1994-06-01","Men's clothing stores",8.1638755980861244
"1994-06-01","Women's clothing stores",8.0006539153179663
"1994-07-01","Men's clothing stores",7.1670653907496013
"1994-07-01","Women's clothing stores",7.3500081739414746
"1994-08-01","Men's clothing stores",7.5159489633173844
"1994-08-01","Women's clothing stores",8.2981853849926435
"1994-09-01","Men's clothing stores",7.5159489633173844
"1994-09-01","Women's clothing stores",7.9058361942128494
"1994-10-01","Men's clothing stores",8.3333333333333333
"1994-10-01","Women's clothing stores",8.4093509890469184
"1994-11-01","Men's clothing stores",9.3201754385964912
"1994-11-01","Women's clothing stores",9.1482752983488638
"1994-12-01","Men's clothing stores",15.6299840510366826
"1994-12-01","Women's clothing stores",13.5295079287232303
"1995-01-01","Men's clothing stores",7.0960815888352120
"1995-01-01","Women's clothing stores",6.0043211597435183
"1995-02-01","Men's clothing stores",6.5163714439076758
"1995-02-01","Women's clothing stores",6.3074993030387510
"1995-03-01","Men's clothing stores",7.2356414385399893
"1995-03-01","Women's clothing stores",8.3391413437412880
"1995-04-01","Men's clothing stores",7.7938808373590982
"1995-04-01","Women's clothing stores",8.4959576247560636
"1995-05-01","Men's clothing stores",7.7402039720880301
"1995-05-01","Women's clothing stores",8.8339838304990243
"1995-06-01","Men's clothing stores",7.9441760601180891
"1995-06-01","Women's clothing stores",8.2136883189294675
"1995-07-01","Men's clothing stores",6.8921095008051530
"1995-07-01","Women's clothing stores",7.5689991636465013
"1995-08-01","Men's clothing stores",7.4825550187869028
"1995-08-01","Women's clothing stores",8.1056593253415110
"1995-09-01","Men's clothing stores",7.7509393451422437
"1995-09-01","Women's clothing stores",8.2589908001115138
"1995-10-01","Men's clothing stores",8.1159420289855072
"1995-10-01","Women's clothing stores",8.0568720379146919
"1995-11-01","Men's clothing stores",9.6940418679549114
"1995-11-01","Women's clothing stores",8.9454976303317536
"1995-12-01","Men's clothing stores",15.7380568974771873
"1995-12-01","Women's clothing stores",12.8693894619459158
"1996-01-01","Men's clothing stores",6.6939032055311125
"1996-01-01","Women's clothing stores",5.5421772080175650
"1996-02-01","Men's clothing stores",6.8196103079824010
"1996-02-01","Women's clothing stores",6.4947942488844819
"1996-03-01","Men's clothing stores",7.4167190446260214
"1996-03-01","Women's clothing stores",7.7661307458035272
"1996-04-01","Men's clothing stores",7.5214749633354285
"1996-04-01","Women's clothing stores",8.3079538210921453
"1996-05-01","Men's clothing stores",8.1081081081081081
"1996-05-01","Women's clothing stores",9.0374672427225724
"1996-06-01","Men's clothing stores",7.9509742300439975
"1996-06-01","Women's clothing stores",8.4106523124867200
"1996-07-01","Men's clothing stores",6.9138906348208674
"1996-07-01","Women's clothing stores",7.3376301437778880
"1996-08-01","Men's clothing stores",7.9719254137858789
"1996-08-01","Women's clothing stores",8.3327431121184220
"1996-09-01","Men's clothing stores",7.7938403519798869
"1996-09-01","Women's clothing stores",8.0600609108293789
"1996-10-01","Men's clothing stores",8.3071443536559816
"1996-10-01","Women's clothing stores",8.5452227494865075
"1996-11-01","Men's clothing stores",9.6270689293945108
"1996-11-01","Women's clothing stores",9.1862029888802323
"1996-12-01","Men's clothing stores",14.8753404567358056
"1996-12-01","Women's clothing stores",12.9789645159005595
"1997-01-01","Men's clothing stores",6.9222365676829874
"1997-01-01","Women's clothing stores",6.1066781683559773
"1997-02-01","Men's clothing stores",6.2866223060879928
"1997-02-01","Women's clothing stores",6.5164258500467256
"1997-03-01","Men's clothing stores",7.4088787367166551
"1997-03-01","Women's clothing stores",8.4573359212134282
"1997-04-01","Men's clothing stores",7.1109345515940014
"1997-04-01","Women's clothing stores",8.0044569046078643
"1997-05-01","Men's clothing stores",8.0345615254742278
"1997-05-01","Women's clothing stores",8.7305010423405938
"1997-06-01","Men's clothing stores",7.8756579600754792
"1997-06-01","Women's clothing stores",7.9038171231399612
"1997-07-01","Men's clothing stores",7.3194954811798590
"1997-07-01","Women's clothing stores",7.5587664438214363
"1997-08-01","Men's clothing stores",8.4020260204588340
"1997-08-01","Women's clothing stores",8.3890446409316368
"1997-09-01","Men's clothing stores",7.5578508292779819
"1997-09-01","Women's clothing stores",8.1410394651714471
"1997-10-01","Men's clothing stores",8.6403813685569570
"1997-10-01","Women's clothing stores",8.4753073107612681
"1997-11-01","Men's clothing stores",9.8023636905353064
"1997-11-01","Women's clothing stores",8.9353748831859679
"1997-12-01","Men's clothing stores",14.6389909623597179
"1997-12-01","Women's clothing stores",12.7812522464236935
"1998-01-01","Men's clothing stores",7.0223617104746960
"1998-01-01","Women's clothing stores",6.0779330792037272
"1998-02-01","Men's clothing stores",6.3162024323264025
"1998-02-01","Women's clothing stores",6.2367640830156713
"1998-03-01","Men's clothing stores",7.2087092977638290
"1998-03-01","Women's clothing stores",7.7438938302978964
"1998-04-01","Men's clothing stores",8.2777559827383288
"1998-04-01","Women's clothing stores",8.8486517012565297
"1998-05-01","Men's clothing stores",8.1992938407218517
"1998-05-01","Women's clothing stores",8.8662995905689680
"1998-06-01","Men's clothing stores",8.0129462534327187
"1998-06-01","Women's clothing stores",7.9556685020471552
"1998-07-01","Men's clothing stores",7.4244801883091408
"1998-07-01","Women's clothing stores",7.8427220104475505
"1998-08-01","Men's clothing stores",8.2777559827383288
"1998-08-01","Women's clothing stores",8.2133276860087534
"1998-09-01","Men's clothing stores",7.3950568850529619
"1998-09-01","Women's clothing stores",7.9203727234222787
"1998-10-01","Men's clothing stores",8.4837191055315810
"1998-10-01","Women's clothing stores",8.5486375829450798
"1998-11-01","Men's clothing stores",9.3664182032169478
"1998-11-01","Women's clothing stores",8.9333615699562332
"1998-12-01","Men's clothing stores",14.0153001176932130
"1998-12-01","Women's clothing stores",12.8123676408301567
"1999-01-01","Men's clothing stores",7.0756180821350988
"1999-01-01","Women's clothing stores",5.9054451927307185
"1999-02-01","Men's clothing stores",6.3101272369918279
"1999-02-01","Women's clothing stores",6.3724660733019730
"1999-03-01","Men's clothing stores",7.3238853832626461
"1999-03-01","Women's clothing stores",8.4842126637111239
"1999-04-01","Men's clothing stores",8.3997103548153512
"1999-04-01","Women's clothing stores",8.8530914751768249
"1999-05-01","Men's clothing stores",8.3066101168925209
"1999-05-01","Women's clothing stores",9.0933703340214559
"1999-06-01","Men's clothing stores",8.1824764663287473
"1999-06-01","Women's clothing stores",8.1390233172019358
"1999-07-01","Men's clothing stores",7.4790524464673632
"1999-07-01","Women's clothing stores",7.7938339706927476
"1999-08-01","Men's clothing stores",8.1617875245681183
"1999-08-01","Women's clothing stores",8.1457917357609395
"1999-09-01","Men's clothing stores",7.3859522085445329
"1999-09-01","Women's clothing stores",7.9630444346678399
"1999-10-01","Men's clothing stores",8.2962656460122065
"1999-10-01","Women's clothing stores",8.2574706419845003
"1999-11-01","Men's clothing stores",9.2686459087617668
"1999-11-01","Women's clothing stores",8.6771125926427290
"1999-12-01","Men's clothing stores",13.8098686252198200
"1999-12-01","Women's clothing stores",12.3151375681072117
"2000-01-01","Men's clothing stores",6.6792889449879036
"2000-01-01","Women's clothing stores",5.3486819092441250
"2000-02-01","Men's clothing stores",6.4268433785631640
"2000-02-01","Women's clothing stores",6.3312875632015773
"2000-03-01","Men's clothing stores",7.4366256442621226
"2000-03-01","Women's clothing stores",8.4904760390498299
"2000-04-01","Men's clothing stores",7.9835910381823919
"2000-04-01","Women's clothing stores",8.6049543676662321
"2000-05-01","Men's clothing stores",8.0992952561270643
"2000-05-01","Women's clothing stores",8.9356695392247273
"2000-06-01","Men's clothing stores",7.8889239507731145
"2000-06-01","Women's clothing stores",8.1534009603459789
"2000-07-01","Men's clothing stores",7.5628484274744925
"2000-07-01","Women's clothing stores",7.5746494101186123
"2000-08-01","Men's clothing stores",8.2991479962133165
"2000-08-01","Women's clothing stores",8.3950774318694947
"2000-09-01","Men's clothing stores",7.8994425160408120
"2000-09-01","Women's clothing stores",8.4523165961776958
"2000-10-01","Men's clothing stores",8.2781108656779215
"2000-10-01","Women's clothing stores",8.4205170604509174
"2000-11-01","Men's clothing stores",9.4351530451246450
"2000-11-01","Women's clothing stores",8.9770089356695392
"2000-12-01","Men's clothing stores",14.0107289365730514
"2000-12-01","Women's clothing stores",12.3159601869812701
"2001-01-01","Men's clothing stores",7.1884057971014493
"2001-01-01","Women's clothing stores",6.1870091883127206
"2001-02-01","Men's clothing stores",6.8173913043478261
"2001-02-01","Women's clothing stores",6.8483133564365879
"2001-03-01","Men's clothing stores",7.8956521739130435
"2001-03-01","Women's clothing stores",8.4920357358598544
"2001-04-01","Men's clothing stores",7.8260869565217391
"2001-04-01","Women's clothing stores",8.9053508409372715
"2001-05-01","Men's clothing stores",8.2318840579710145
"2001-05-01","Women's clothing stores",8.7336661049820367
"2001-06-01","Men's clothing stores",8.1391304347826087
"2001-06-01","Women's clothing stores",7.9706228340698820
"2001-07-01","Men's clothing stores",7.2579710144927536
"2001-07-01","Women's clothing stores",7.3474708294916224
"2001-08-01","Men's clothing stores",8.6144927536231884
"2001-08-01","Women's clothing stores",8.4602422662385146
"2001-09-01","Men's clothing stores",7.0724637681159420
"2001-09-01","Women's clothing stores",7.6113566273487426
"2001-10-01","Men's clothing stores",8.1623188405797101
"2001-10-01","Women's clothing stores",8.3139923059803516
"2001-11-01","Men's clothing stores",9.1942028985507246
"2001-11-01","Women's clothing stores",8.8576606365052618
"2001-12-01","Men's clothing stores",13.6000000000000000
"2001-12-01","Women's clothing stores",12.2722792738371538
"2002-01-01","Men's clothing stores",6.6568047337278107
"2002-01-01","Women's clothing stores",6.3592139793893618
"2002-02-01","Men's clothing stores",6.5828402366863905
"2002-02-01","Women's clothing stores",6.9096844396082699
"2002-03-01","Men's clothing stores",8.0991124260355030
"2002-03-01","Women's clothing stores",8.8939384241182871
"2002-04-01","Men's clothing stores",7.7909270216962525
"2002-04-01","Women's clothing stores",8.5770978685271715
"2002-05-01","Men's clothing stores",8.1977317554240631
"2002-05-01","Women's clothing stores",8.8171285924598349
"2002-06-01","Men's clothing stores",8.0128205128205128
"2002-06-01","Women's clothing stores",7.9306151187351981
"2002-07-01","Men's clothing stores",7.2978303747534517
"2002-07-01","Women's clothing stores",7.2329258145042565
"2002-08-01","Men's clothing stores",8.5675542406311637
"2002-08-01","Women's clothing stores",8.1226396978813288
"2002-09-01","Men's clothing stores",7.4457593688362919
"2002-09-01","Women's clothing stores",7.5945721052294694
"2002-10-01","Men's clothing stores",8.2470414201183432
"2002-10-01","Women's clothing stores",8.1002368303142802
"2002-11-01","Men's clothing stores",9.3811637080867850
"2002-11-01","Women's clothing stores",8.7691224476733022
"2002-12-01","Men's clothing stores",13.7204142011834320
"2002-12-01","Women's clothing stores",12.6928246815592396
"2003-01-01","Men's clothing stores",6.5341253485270942
"2003-01-01","Women's clothing stores",6.3104560110548135
"2003-02-01","Men's clothing stores",6.0370954055036974
"2003-02-01","Women's clothing stores",6.4210041455550438
"2003-03-01","Men's clothing stores",7.2857316038307674
"2003-03-01","Women's clothing stores",8.0423767848917550
"2003-04-01","Men's clothing stores",7.6494120499454479
"2003-04-01","Women's clothing stores",8.3648088438507600
"2003-05-01","Men's clothing stores",8.2313007637289368
"2003-05-01","Women's clothing stores",8.6381083985874405
"2003-06-01","Men's clothing stores",7.9646017699115044
"2003-06-01","Women's clothing stores",7.7875019192384462
"2003-07-01","Men's clothing stores",7.2978542853679234
"2003-07-01","Women's clothing stores",7.5234147090434516
"2003-08-01","Men's clothing stores",8.9829070190326100
"2003-08-01","Women's clothing stores",7.9748195915860587
"2003-09-01","Men's clothing stores",7.5766759607225118
"2003-09-01","Women's clothing stores",8.0669430370029172
"2003-10-01","Men's clothing stores",8.5343678021578373
"2003-10-01","Women's clothing stores",8.5766927683095348
"2003-11-01","Men's clothing stores",9.4678142805188508
"2003-11-01","Women's clothing stores",9.0618762475049900
"2003-12-01","Men's clothing stores",14.4381137107528185
"2003-12-01","Women's clothing stores",13.2319975433747889
"2004-01-01","Men's clothing stores",6.7009105766985758
"2004-01-01","Women's clothing stores",6.4856668764662127
"2004-02-01","Men's clothing stores",6.5257996731263133
"2004-02-01","Women's clothing stores",6.8718887680952108
"2004-03-01","Men's clothing stores",7.4363763717020780
"2004-03-01","Women's clothing stores",8.3395319562854037
"2004-04-01","Men's clothing stores",7.8683166005136587
"2004-04-01","Women's clothing stores",8.6485094695886022
"2004-05-01","Men's clothing stores",7.8799906607518095
"2004-05-01","Women's clothing stores",8.5970132173714024
"2004-06-01","Men's clothing stores",7.6698575764650946
"2004-06-01","Women's clothing stores",7.9447273559535389
"2004-07-01","Men's clothing stores",7.4597244921783796
"2004-07-01","Women's clothing stores",7.4240430279796304
"2004-08-01","Men's clothing stores",8.4053233714685968
"2004-08-01","Women's clothing stores",7.5642272701264519
"2004-09-01","Men's clothing stores",7.4013541909876255
"2004-09-01","Women's clothing stores",7.9361446472506723
"2004-10-01","Men's clothing stores",8.4870417931356526
"2004-10-01","Women's clothing stores",8.5540996738570693
"2004-11-01","Men's clothing stores",9.4443147326640205
"2004-11-01","Women's clothing stores",8.8401899639526234
"2004-12-01","Men's clothing stores",14.7209899603081952
"2004-12-01","Women's clothing stores",12.7939577730731819
"2005-01-01","Men's clothing stores",6.5812063637404143
"2005-01-01","Women's clothing stores",6.3061362103843560
"2005-02-01","Men's clothing stores",6.5926519400251803
"2005-02-01","Women's clothing stores",6.6163182737693864
"2005-03-01","Men's clothing stores",8.0004578230513906
"2005-03-01","Women's clothing stores",8.3749157113958193
"2005-04-01","Men's clothing stores",7.6914272633627103
"2005-04-01","Women's clothing stores",8.5691166554281861
"2005-05-01","Men's clothing stores",7.9890122467666247
"2005-05-01","Women's clothing stores",8.5340525960890088
"2005-06-01","Men's clothing stores",8.2293693487467094
"2005-06-01","Women's clothing stores",8.2130815913688469
"2005-07-01","Men's clothing stores",7.3938422799587959
"2005-07-01","Women's clothing stores",7.3931220498988537
"2005-08-01","Men's clothing stores",8.4697264507267941
"2005-08-01","Women's clothing stores",7.7437626432906271
"2005-09-01","Men's clothing stores",7.2564953645416047
"2005-09-01","Women's clothing stores",7.9919082939986514
"2005-10-01","Men's clothing stores",8.2064781961771775
"2005-10-01","Women's clothing stores",8.4153742414025624
"2005-11-01","Men's clothing stores",9.2594712143756438
"2005-11-01","Women's clothing stores",9.0141604855023601
"2005-12-01","Men's clothing stores",14.3298615085269543
"2005-12-01","Women's clothing stores",12.8280512474713419
"2006-01-01","Men's clothing stores",6.4450474898236092
"2006-01-01","Women's clothing stores",6.4881857301141488
"2006-02-01","Men's clothing stores",6.2980551786521936
"2006-02-01","Women's clothing stores",6.4881857301141488
"2006-03-01","Men's clothing stores",7.4626865671641791
"2006-03-01","Women's clothing stores",8.2300497307325620
"2006-04-01","Men's clothing stores",7.8358208955223881
"2006-04-01","Women's clothing stores",8.7067432811976603
"2006-05-01","Men's clothing stores",7.8358208955223881
"2006-05-01","Women's clothing stores",8.6062511273158288
"2006-06-01","Men's clothing stores",7.9601990049751244
"2006-06-01","Women's clothing stores",8.2017057898940967
"2006-07-01","Men's clothing stores",7.0443238353686115
"2006-07-01","Women's clothing stores",7.5317580973485532
"2006-08-01","Men's clothing stores",8.0958842152872004
"2006-08-01","Women's clothing stores",7.6270968074415728
"2006-09-01","Men's clothing stores",8.1184984170058797
"2006-09-01","Women's clothing stores",8.1527480739003839
"2006-10-01","Men's clothing stores",8.8308457711442786
"2006-10-01","Women's clothing stores",8.2377798964157798
"2006-11-01","Men's clothing stores",9.3057440072365445
"2006-11-01","Women's clothing stores",8.7969285475018681
"2006-12-01","Men's clothing stores",14.7670737222976029
"2006-12-01","Women's clothing stores",12.9325671880233966
"2007-01-01","Men's clothing stores",7.1249430004559964
"2007-01-01","Women's clothing stores",6.5493621879187968
"2007-02-01","Men's clothing stores",6.8399452804377565
"2007-02-01","Women's clothing stores",6.6858589368144141
"2007-03-01","Men's clothing stores",7.7405380756953944
"2007-03-01","Women's clothing stores",8.6836749888320842
"2007-04-01","Men's clothing stores",8.3333333333333333
"2007-04-01","Women's clothing stores",8.7630912790986251
"2007-05-01","Men's clothing stores",8.4359325125398997
"2007-05-01","Women's clothing stores",9.3314141063185586
"2007-06-01","Men's clothing stores",8.1851345189238486
"2007-06-01","Women's clothing stores",8.4677619496699260
"2007-07-01","Men's clothing stores",7.1705426356589147
"2007-07-01","Women's clothing stores",6.8744726261974488
"2007-08-01","Men's clothing stores",7.2503419972640219
"2007-08-01","Women's clothing stores",7.9540378220082394
"2007-09-01","Men's clothing stores",7.4783401732786138
"2007-09-01","Women's clothing stores",7.8845485680250161
"2007-10-01","Men's clothing stores",8.1737346101231190
"2007-10-01","Women's clothing stores",8.2046954881620092
"2007-11-01","Men's clothing stores",9.1655266757865937
"2007-11-01","Women's clothing stores",8.9293691368441952
"2007-12-01","Men's clothing stores",14.1016871865025080
"2007-12-01","Women's clothing stores",11.6717129101106865
"2008-01-01","Men's clothing stores",7.2925398155909472
"2008-01-01","Women's clothing stores",6.5595541898859434
"2008-02-01","Men's clothing stores",7.0171236977607472
"2008-02-01","Women's clothing stores",7.1949377636581428
"2008-03-01","Men's clothing stores",8.1547120105376602
"2008-03-01","Women's clothing stores",8.8328732878495912
"2008-04-01","Men's clothing stores",8.5019758112800862
"2008-04-01","Women's clothing stores",8.9552627467319410
"2008-05-01","Men's clothing stores",9.0647826607591905
"2008-05-01","Women's clothing stores",9.3823238373001406
"2008-06-01","Men's clothing stores",8.5618488803736080
"2008-06-01","Women's clothing stores",8.2000937451174418
"2008-07-01","Men's clothing stores",7.4482097952341037
"2008-07-01","Women's clothing stores",7.7391802510285923
"2008-08-01","Men's clothing stores",7.8433720512513471
"2008-08-01","Women's clothing stores",8.1870735899171918
"2008-09-01","Men's clothing stores",7.6038797748772602
"2008-09-01","Women's clothing stores",7.9787511067131920
"2008-10-01","Men's clothing stores",7.9511435756196863
"2008-10-01","Women's clothing stores",7.9969793239935420
"2008-11-01","Men's clothing stores",8.4780265836426775
"2008-11-01","Women's clothing stores",8.4422686318420916
"2008-12-01","Men's clothing stores",12.0823853430726859
"2008-12-01","Women's clothing stores",10.5307015259621895
"2009-01-01","Men's clothing stores",7.1263429892560860
"2009-01-01","Women's clothing stores",6.3375398696436001
"2009-02-01","Men's clothing stores",6.7455460356317149
"2009-02-01","Women's clothing stores",6.7230619886284843
"2009-03-01","Men's clothing stores",7.3711410308717530
"2009-03-01","Women's clothing stores",8.1902648731105256
"2009-04-01","Men's clothing stores",9.0983272133822929
"2009-04-01","Women's clothing stores",9.0528359450838996
"2009-05-01","Men's clothing stores",8.8399292805657555
"2009-05-01","Women's clothing stores",9.0972125918735266
"2009-06-01","Men's clothing stores",8.2551339589283286
"2009-06-01","Women's clothing stores",8.0266259880737762
"2009-07-01","Men's clothing stores",7.8199374405004760
"2009-07-01","Women's clothing stores",7.5329357925391763
"2009-08-01","Men's clothing stores",7.4935400516795866
"2009-08-01","Women's clothing stores",8.1597559284426571
"2009-09-01","Men's clothing stores",7.8743370053039576
"2009-09-01","Women's clothing stores",8.1514353071696020
"2009-10-01","Men's clothing stores",8.2959336325309398
"2009-10-01","Women's clothing stores",8.5841076133684648
"2009-11-01","Men's clothing stores",8.4319325445396437
"2009-11-01","Women's clothing stores",8.8448204132575232
"2009-12-01","Men's clothing stores",12.6478988168094655
"2009-12-01","Women's clothing stores",11.2994036888087644
"2010-01-01","Men's clothing stores",6.5339739190116678
"2010-01-01","Women's clothing stores",6.1130273282037676
"2010-02-01","Men's clothing stores",6.4653397391901167
"2010-02-01","Women's clothing stores",6.5799946935526665
"2010-03-01","Men's clothing stores",7.7968428277282086
"2010-03-01","Women's clothing stores",8.7370655346245689
"2010-04-01","Men's clothing stores",8.6479066575154427
"2010-04-01","Women's clothing stores",8.8458477049615283
"2010-05-01","Men's clothing stores",8.6067261496225120
"2010-05-01","Women's clothing stores",8.7768638896258955
"2010-06-01","Men's clothing stores",8.2086479066575154
"2010-06-01","Women's clothing stores",7.9464048819315468
"2010-07-01","Men's clothing stores",7.4673987645847632
"2010-07-01","Women's clothing stores",7.5537277792517909
"2010-08-01","Men's clothing stores",7.0967741935483871
"2010-08-01","Women's clothing stores",7.8535420535951181
"2010-09-01","Men's clothing stores",7.7282086479066575
"2010-09-01","Women's clothing stores",8.1215176439373839
"2010-10-01","Men's clothing stores",8.7028140013726836
"2010-10-01","Women's clothing stores",8.5274608649509154
"2010-11-01","Men's clothing stores",9.1832532601235415
"2010-11-01","Women's clothing stores",9.1642345449721412
"2010-12-01","Men's clothing stores",13.5621139327385038
"2010-12-01","Women's clothing stores",11.7803130803926771
"2011-01-01","Men's clothing stores",6.1959287531806616
"2011-01-01","Women's clothing stores",5.8554734318817419
"2011-02-01","Men's clothing stores",6.3231552162849873
"2011-02-01","Women's clothing stores",6.8742508989212944
"2011-03-01","Men's clothing stores",7.6208651399491094
"2011-03-01","Women's clothing stores",8.6121654015181782
"2011-04-01","Men's clothing stores",8.7786259541984733
"2011-04-01","Women's clothing stores",8.9442668797443068
"2011-05-01","Men's clothing stores",8.6132315521628499
"2011-05-01","Women's clothing stores",8.7594886136636037
"2011-06-01","Men's clothing stores",8.4096692111959288
"2011-06-01","Women's clothing stores",8.2026568118258090
"2011-07-01","Men's clothing stores",7.4681933842239186
"2011-07-01","Women's clothing stores",7.6408310027966440
"2011-08-01","Men's clothing stores",6.9847328244274809
"2011-08-01","Women's clothing stores",7.5584298841390332
"2011-09-01","Men's clothing stores",8.1806615776081425
"2011-09-01","Women's clothing stores",8.2426088693567719
"2011-10-01","Men's clothing stores",8.6768447837150127
"2011-10-01","Women's clothing stores",8.2326208549740312
"2011-11-01","Men's clothing stores",8.9949109414758270
"2011-11-01","Women's clothing stores",9.0516380343587695
"2011-12-01","Men's clothing stores",13.7531806615776081
"2011-12-01","Women's clothing stores",12.0255693168198162
"2012-01-01","Men's clothing stores",6.3467117988394584
"2012-01-01","Women's clothing stores",6.0869981337034024
"2012-02-01","Men's clothing stores",6.5884912959381044
"2012-02-01","Women's clothing stores",7.2642006029573623
"2012-03-01","Men's clothing stores",7.5314313346228240
"2012-03-01","Women's clothing stores",9.1879217112504187
"2012-04-01","Men's clothing stores",8.5952611218568665
"2012-04-01","Women's clothing stores",8.5945351007321625
"2012-05-01","Men's clothing stores",8.7645067698259188
"2012-05-01","Women's clothing stores",8.8361965832416136
"2012-06-01","Men's clothing stores",8.4985493230174081
"2012-06-01","Women's clothing stores",8.0729291285830502
"2012-07-01","Men's clothing stores",7.4105415860735010
"2012-07-01","Women's clothing stores",7.4029765038043738
"2012-08-01","Men's clothing stores",7.4830754352030948
"2012-08-01","Women's clothing stores",7.8575872134756185
"2012-09-01","Men's clothing stores",8.3051257253384913
"2012-09-01","Women's clothing stores",7.9891850504857157
"2012-10-01","Men's clothing stores",8.5831721470019342
"2012-10-01","Women's clothing stores",8.3313394267119682
"2012-11-01","Men's clothing stores",8.8370406189555126
"2012-11-01","Women's clothing stores",9.1472460161745705
"2012-12-01","Men's clothing stores",13.0560928433268859
"2012-12-01","Women's clothing stores",11.2288845288797435
"2013-01-01","Men's clothing stores",6.9088811995386390
"2013-01-01","Women's clothing stores",6.3751884557398234
"2013-02-01","Men's clothing stores",6.4590542099192618
"2013-02-01","Women's clothing stores",6.7150070596118410
"2013-03-01","Men's clothing stores",7.8662053056516724
"2013-03-01","Women's clothing stores",8.9334003398186039
"2013-04-01","Men's clothing stores",8.2814302191464821
"2013-04-01","Women's clothing stores",8.4021346351736186
"2013-05-01","Men's clothing stores",8.6389850057670127
"2013-05-01","Women's clothing stores",8.9597243161748869
"2013-06-01","Men's clothing stores",7.8200692041522491
"2013-06-01","Women's clothing stores",7.8325795103740398
"2013-07-01","Men's clothing stores",7.4740484429065744
"2013-07-01","Women's clothing stores",7.6195946107641132
"2013-08-01","Men's clothing stores",7.9238754325259516
"2013-08-01","Women's clothing stores",8.3375212386627420
"2013-09-01","Men's clothing stores",7.8546712802768166
"2013-09-01","Women's clothing stores",7.8804412855672817
"2013-10-01","Men's clothing stores",9.0542099192618224
"2013-10-01","Women's clothing stores",8.4117069902122670
"2013-11-01","Men's clothing stores",9.2041522491349481
"2013-11-01","Women's clothing stores",9.1655299495058272
"2013-12-01","Men's clothing stores",12.5144175317185698
"2013-12-01","Women's clothing stores",11.3671716083949554
"2014-01-01","Men's clothing stores",6.4599774520856821
"2014-01-01","Women's clothing stores",5.9386650631389056
"2014-02-01","Men's clothing stores",7.1702367531003382
"2014-02-01","Women's clothing stores",6.7901383042693927
"2014-03-01","Men's clothing stores",7.9143179255918828
"2014-03-01","Women's clothing stores",8.5339747444377631
"2014-04-01","Men's clothing stores",8.8500563697857948
"2014-04-01","Women's clothing stores",8.6662657847263981
"2014-05-01","Men's clothing stores",9.0304396843291995
"2014-05-01","Women's clothing stores",9.0775706554419723
"2014-06-01","Men's clothing stores",7.9143179255918828
"2014-06-01","Women's clothing stores",7.6560432952495490
"2014-07-01","Men's clothing stores",7.3844419391206313
"2014-07-01","Women's clothing stores",7.6440168370414913
"2014-08-01","Men's clothing stores",7.8015783540022548
"2014-08-01","Women's clothing stores",8.3102826217678894
"2014-09-01","Men's clothing stores",7.8241262683201804
"2014-09-01","Women's clothing stores",7.8099819603126879
"2014-10-01","Men's clothing stores",8.5343855693348365
"2014-10-01","Women's clothing stores",8.3800360793746242
"2014-11-01","Men's clothing stores",9.0529875986471251
"2014-11-01","Women's clothing stores",9.2820204449789537
"2014-12-01","Men's clothing stores",12.0631341600901917
"2014-12-01","Women's clothing stores",11.9110042092603728
"2015-01-01","Men's clothing stores",6.5947786606129398
"2015-01-01","Women's clothing stores",6.1171313770851090
"2015-02-01","Men's clothing stores",7.1850170261066969
"2015-02-01","Women's clothing stores",6.7259223182759041
"2015-03-01","Men's clothing stores",7.9341657207718502
"2015-03-01","Women's clothing stores",8.6326555460854742
"2015-04-01","Men's clothing stores",8.7060158910329171
"2015-04-01","Women's clothing stores",8.4207962985510776
"2015-05-01","Men's clothing stores",9.0692395005675369
"2015-05-01","Women's clothing stores",9.1221234628028735
"2015-06-01","Men's clothing stores",8.1271282633371169
"2015-06-01","Women's clothing stores",7.8680141239498356
"2015-07-01","Men's clothing stores",7.5028376844494892
"2015-07-01","Women's clothing stores",7.7462559357116766
"2015-08-01","Men's clothing stores",8.0930760499432463
"2015-08-01","Women's clothing stores",8.2381590161938390
"2015-09-01","Men's clothing stores",7.8433598183881952
"2015-09-01","Women's clothing stores",7.7048581517107025
"2015-10-01","Men's clothing stores",8.4449489216799092
"2015-10-01","Women's clothing stores",8.4110556434920248
"2015-11-01","Men's clothing stores",8.5357548240635641
"2015-11-01","Women's clothing stores",9.0563740411542676
"2015-12-01","Men's clothing stores",11.9636776390465380
"2015-12-01","Women's clothing stores",11.9566540849872154
"2016-01-01","Men's clothing stores",6.5693430656934307
"2016-01-01","Women's clothing stores",6.0643897661892521
"2016-02-01","Men's clothing stores",7.3110430892394632
"2016-02-01","Women's clothing stores",7.1954951646468356
"2016-03-01","Men's clothing stores",8.3117494702142689
"2016-03-01","Women's clothing stores",8.9582568245807320
"2016-04-01","Men's clothing stores",8.5825288438898046
"2016-04-01","Women's clothing stores",8.6154976129269188
"2016-05-01","Men's clothing stores",9.0769955262538262
"2016-05-01","Women's clothing stores",8.8284979801689313
"2016-06-01","Men's clothing stores",8.4530256651754179
"2016-06-01","Women's clothing stores",7.9324274697025340
"2016-07-01","Men's clothing stores",7.3934542029668001
"2016-07-01","Women's clothing stores",7.6900477414616232
"2016-08-01","Men's clothing stores",7.8408288203437721
"2016-08-01","Women's clothing stores",8.2947729220222793
"2016-09-01","Men's clothing stores",8.0174240640452084
"2016-09-01","Women's clothing stores",7.7610478638756274
"2016-10-01","Men's clothing stores",8.1351542265128326
"2016-10-01","Women's clothing stores",8.0156689925327457
"2016-11-01","Men's clothing stores",8.5943018601365670
"2016-11-01","Women's clothing stores",9.1027053494919819
"2016-12-01","Men's clothing stores",11.7141511655286084
"2016-12-01","Women's clothing stores",11.5411923124005386
"2017-01-01","Men's clothing stores",6.7365630272354784
"2017-01-01","Women's clothing stores",6.0354156419085096
"2017-02-01","Men's clothing stores",6.9655338635815859
"2017-02-01","Women's clothing stores",6.7953762911952779
"2017-03-01","Men's clothing stores",8.6165341046035189
"2017-03-01","Women's clothing stores",8.5710772257747172
"2017-04-01","Men's clothing stores",8.9901181007471680
"2017-04-01","Women's clothing stores",8.9129365469749139
"2017-05-01","Men's clothing stores",9.4119064834899976
"2017-05-01","Women's clothing stores",8.8932611903590753
"2017-06-01","Men's clothing stores",8.6406362979031092
"2017-06-01","Women's clothing stores",8.2169208066896212
"2017-07-01","Men's clothing stores",7.3993733429742107
"2017-07-01","Women's clothing stores",7.8676832267584850
"2017-08-01","Men's clothing stores",7.7127018558688841
"2017-08-01","Women's clothing stores",8.0988686669945893
"2017-09-01","Men's clothing stores",8.1465413352615088
"2017-09-01","Women's clothing stores",7.6783079193310379
"2017-10-01","Men's clothing stores",7.9778259821643770
"2017-10-01","Women's clothing stores",8.1136251844564683
"2017-11-01","Men's clothing stores",8.4237165582067968
"2017-11-01","Women's clothing stores",9.2818494835218888
"2017-12-01","Men's clothing stores",10.9785490479633647
"2017-12-01","Women's clothing stores",11.5346778160354156
"2018-01-01","Men's clothing stores",6.4327485380116959
"2018-01-01","Women's clothing stores",5.8072037500303597
"2018-02-01","Men's clothing stores",6.7738791423001949
"2018-02-01","Women's clothing stores",6.6086998761324169
"2018-03-01","Men's clothing stores",8.3942495126705653
"2018-03-01","Women's clothing stores",8.6100114152478566
"2018-04-01","Men's clothing stores",8.9790448343079922
"2018-04-01","Women's clothing stores",8.3282733830422850
"2018-05-01","Men's clothing stores",9.4420077972709552
"2018-05-01","Women's clothing stores",9.2414932115706895
"2018-06-01","Men's clothing stores",8.4795321637426901
"2018-06-01","Women's clothing stores",8.0101037087411653
"2018-07-01","Men's clothing stores",7.1637426900584795
"2018-07-01","Women's clothing stores",7.7915138561678770
"2018-08-01","Men's clothing stores",7.7607212475633528
"2018-08-01","Women's clothing stores",8.1922619192189056
"2018-09-01","Men's clothing stores",8.4186159844054581
"2018-09-01","Women's clothing stores",7.7186505719767809
"2018-10-01","Men's clothing stores",8.2724171539961014
"2018-10-01","Women's clothing stores",8.5517207878949797
"2018-11-01","Men's clothing stores",9.0399610136452242
"2018-11-01","Women's clothing stores",10.0964224127462172
"2018-12-01","Men's clothing stores",10.8430799220272904
"2018-12-01","Women's clothing stores",11.0436451072304666
"2019-01-01","Men's clothing stores",7.3299085327653176
"2019-01-01","Women's clothing stores",6.1452240522747852
"2019-02-01","Men's clothing stores",6.4402957022929457
"2019-02-01","Women's clothing stores",6.5588213700105235
"2019-03-01","Men's clothing stores",8.0441047487783486
"2019-03-01","Women's clothing stores",8.7736472430924353
"2019-04-01","Men's clothing stores",9.2344317754667335
"2019-04-01","Women's clothing stores",8.8201463498201219
"2019-05-01","Men's clothing stores",9.3597293572234056
"2019-05-01","Women's clothing stores",9.3169525953843518
"2019-06-01","Men's clothing stores",8.0816940233053502
"2019-06-01","Women's clothing stores",8.0076356427889675
"2019-07-01","Men's clothing stores",7.2797895000626488
"2019-07-01","Women's clothing stores",7.9807151073150437
"2019-08-01","Men's clothing stores",7.7308607943866683
"2019-08-01","Women's clothing stores",8.1373436773451457
"2019-09-01","Men's clothing stores",8.2946999122916928
"2019-09-01","Women's clothing stores",7.5377499326986613
"2019-10-01","Men's clothing stores",8.4450570103996993
"2019-10-01","Women's clothing stores",8.2964195687819681
"2019-11-01","Men's clothing stores",8.9462473374263877
"2019-11-01","Women's clothing stores",9.4221874158733266
"2019-12-01","Men's clothing stores",10.8131813056008019
"2019-12-01","Women's clothing stores",11.0031570446146692
"2020-01-01","Men's clothing stores",14.9415919587068731
"2020-01-01","Women's clothing stores",9.5453517303777426
"2020-02-01","Men's clothing stores",14.3167617495245857
"2020-02-01","Women's clothing stores",10.5443715599788886
"2020-03-01","Men's clothing stores",7.2534637326813366
"2020-03-01","Women's clothing stores",5.8961019377214808
"2020-04-01","Men's clothing stores",2.4449877750611247
"2020-04-01","Women's clothing stores",1.8660936439719520
"2020-05-01","Men's clothing stores",4.2108122792719370
"2020-05-01","Women's clothing stores",4.1431048782326774
"2020-06-01","Men's clothing stores",8.2314588427057865
"2020-06-01","Women's clothing stores",7.6415592249114077
"2020-07-01","Men's clothing stores",11.0024449877750611
"2020-07-01","Women's clothing stores",8.9459398326170550
"2020-08-01","Men's clothing stores",10.2961151860907362
"2020-08-01","Women's clothing stores",8.9949483525597527
"2020-09-01","Men's clothing stores",10.8937788644390111
"2020-09-01","Women's clothing stores",9.4020960566990877
"2020-10-01","Men's clothing stores",NULL
"2020-10-01","Women's clothing stores",9.9298801176204479
"2020-11-01","Men's clothing stores",NULL
"2020-11-01","Women's clothing stores",10.2767096433687703
"2020-12-01","Men's clothing stores",16.4085846237435479
"2020-12-01","Women's clothing stores",12.8138430219407374
